[
{
  "fields": {
    "expire_date": "2015-04-08T19:13:23.206",
    "session_data": "NTBkYmZjYjJhMjQ4Y2IxMWU1Njc2MjYyNjZjMzhiMzhmNTU3N2NhMzp7Il9hdXRoX3VzZXJfaGFzaCI6IjdjMDE3OTg2ZDEzOWRkZTUxOGRiMDY1OTM0ZWQ2NzNiYjUzOTg5MmIiLCJfYXV0aF91c2VyX2JhY2tlbmQiOiJkamFuZ28uY29udHJpYi5hdXRoLmJhY2tlbmRzLk1vZGVsQmFja2VuZCIsIl9hdXRoX3VzZXJfaWQiOjF9"
  },
  "model": "sessions.session",
  "pk": "0s6ohwm32n4dbdbcemix8elxu55p2cxh"
},
{
  "fields": {
    "name": "Moderators",
    "permissions": [
      [
        "access_admin",
        "wagtailadmin",
        "admin"
      ],
      [
        "add_document",
        "wagtaildocs",
        "document"
      ],
      [
        "change_document",
        "wagtaildocs",
        "document"
      ],
      [
        "delete_document",
        "wagtaildocs",
        "document"
      ],
      [
        "add_image",
        "wagtailimages",
        "image"
      ],
      [
        "change_image",
        "wagtailimages",
        "image"
      ],
      [
        "delete_image",
        "wagtailimages",
        "image"
      ]
    ]
  },
  "model": "auth.group",
  "pk": 1
},
{
  "fields": {
    "name": "Editors",
    "permissions": [
      [
        "access_admin",
        "wagtailadmin",
        "admin"
      ],
      [
        "add_document",
        "wagtaildocs",
        "document"
      ],
      [
        "change_document",
        "wagtaildocs",
        "document"
      ],
      [
        "delete_document",
        "wagtaildocs",
        "document"
      ],
      [
        "add_image",
        "wagtailimages",
        "image"
      ],
      [
        "change_image",
        "wagtailimages",
        "image"
      ],
      [
        "delete_image",
        "wagtailimages",
        "image"
      ]
    ]
  },
  "model": "auth.group",
  "pk": 2
},
{
  "fields": {
    "name": "PrivelegedViewers",
    "permissions": []
  },
  "model": "auth.group",
  "pk": 3
},
{
  "fields": {
    "username": "ben",
    "first_name": "Ben",
    "last_name": "Margolis",
    "is_active": true,
    "is_superuser": true,
    "is_staff": true,
    "last_login": "2015-03-25T19:13:23.177",
    "groups": [
      [
        "PrivelegedViewers"
      ]
    ],
    "user_permissions": [],
    "password": "pbkdf2_sha256$15000$UBbcBQOS23zh$XFSx8+nMZjS+mITZ0bTZfoEM3DaQ7YOEDhy4vi1zn/E=",
    "email": "",
    "date_joined": "2015-03-25T19:12:57.797"
  },
  "model": "auth.user",
  "pk": 1
},
{
  "fields": {
    "username": "emily",
    "first_name": "",
    "last_name": "",
    "is_active": true,
    "is_superuser": true,
    "is_staff": true,
    "last_login": "2015-03-26T08:37:09.791",
    "groups": [],
    "user_permissions": [],
    "password": "pbkdf2_sha256$15000$sfJV7gkLZsmq$bdFjwOfeyzL0W3R8KAXl74rkqaf9pOBrlEfLT/ToNeI=",
    "email": "",
    "date_joined": "2015-03-26T08:37:09.791"
  },
  "model": "auth.user",
  "pk": 2
},
{
  "fields": {
    "name": "tag1",
    "slug": "tag1"
  },
  "model": "taggit.tag",
  "pk": 1
},
{
  "fields": {
    "root_page": 2,
    "hostname": "localhost",
    "port": 80,
    "is_default_site": true
  },
  "model": "wagtailcore.site",
  "pk": 1
},
{
  "fields": {
    "locked": false,
    "title": "Root",
    "numchild": 1,
    "show_in_menus": false,
    "live": true,
    "seo_title": "",
    "latest_revision_created_at": null,
    "depth": 1,
    "first_published_at": null,
    "search_description": "",
    "content_type": [
      "wagtailcore",
      "page"
    ],
    "has_unpublished_changes": false,
    "owner": null,
    "path": "0001",
    "url_path": "/",
    "expired": false,
    "slug": "root",
    "expire_at": null,
    "go_live_at": null
  },
  "model": "wagtailcore.page",
  "pk": 1
},
{
  "fields": {
    "locked": false,
    "title": "Welcome to your new Wagtail site!",
    "numchild": 1,
    "show_in_menus": false,
    "live": true,
    "seo_title": "",
    "latest_revision_created_at": null,
    "depth": 2,
    "first_published_at": null,
    "search_description": "",
    "content_type": [
      "wagtailcore",
      "page"
    ],
    "has_unpublished_changes": false,
    "owner": null,
    "path": "00010001",
    "url_path": "/home/",
    "expired": false,
    "slug": "home",
    "expire_at": null,
    "go_live_at": null
  },
  "model": "wagtailcore.page",
  "pk": 2
},
{
  "fields": {
    "locked": false,
    "title": "blog",
    "numchild": 7,
    "show_in_menus": false,
    "live": true,
    "seo_title": "",
    "latest_revision_created_at": "2015-03-25T19:16:03.893",
    "depth": 3,
    "first_published_at": "2015-03-25T19:16:04.017",
    "search_description": "",
    "content_type": [
      "blog",
      "blogtype"
    ],
    "has_unpublished_changes": false,
    "owner": [
      "ben"
    ],
    "path": "000100010001",
    "url_path": "/home/blog/",
    "expired": false,
    "slug": "blog",
    "expire_at": null,
    "go_live_at": null
  },
  "model": "wagtailcore.page",
  "pk": 3
},
{
  "fields": {
    "locked": false,
    "title": "cat1",
    "numchild": 0,
    "show_in_menus": false,
    "live": true,
    "seo_title": "",
    "latest_revision_created_at": "2015-03-25T19:20:18.549",
    "depth": 4,
    "first_published_at": "2015-03-25T19:20:18.669",
    "search_description": "",
    "content_type": [
      "blog",
      "blogcategory"
    ],
    "has_unpublished_changes": false,
    "owner": [
      "ben"
    ],
    "path": "0001000100010001",
    "url_path": "/home/blog/cat1/",
    "expired": false,
    "slug": "cat1",
    "expire_at": null,
    "go_live_at": null
  },
  "model": "wagtailcore.page",
  "pk": 4
},
{
  "fields": {
    "locked": false,
    "title": "post0",
    "numchild": 0,
    "show_in_menus": false,
    "live": true,
    "seo_title": "",
    "latest_revision_created_at": "2015-03-25T19:27:17.129",
    "depth": 4,
    "first_published_at": "2015-03-25T19:27:17.273",
    "search_description": "",
    "content_type": [
      "blog",
      "blogpost"
    ],
    "has_unpublished_changes": false,
    "owner": [
      "ben"
    ],
    "path": "0001000100010002",
    "url_path": "/home/blog/2015/Mar/post0/",
    "expired": false,
    "slug": "post0",
    "expire_at": null,
    "go_live_at": null
  },
  "model": "wagtailcore.page",
  "pk": 5
},
{
  "fields": {
    "locked": false,
    "title": "post1",
    "numchild": 0,
    "show_in_menus": false,
    "live": true,
    "seo_title": "",
    "latest_revision_created_at": "2015-03-25T19:37:00.749",
    "depth": 4,
    "first_published_at": "2015-03-25T19:27:17.273",
    "search_description": "",
    "content_type": [
      "blog",
      "blogpost"
    ],
    "has_unpublished_changes": false,
    "owner": [
      "ben"
    ],
    "path": "0001000100010003",
    "url_path": "/home/blog/2015/Mar/post1/",
    "expired": false,
    "slug": "post1",
    "expire_at": null,
    "go_live_at": null
  },
  "model": "wagtailcore.page",
  "pk": 6
},
{
  "fields": {
    "locked": false,
    "title": "post2",
    "numchild": 0,
    "show_in_menus": false,
    "live": true,
    "seo_title": "",
    "latest_revision_created_at": "2015-03-25T19:29:34.760",
    "depth": 4,
    "first_published_at": "2015-03-25T19:27:17.273",
    "search_description": "",
    "content_type": [
      "blog",
      "blogpost"
    ],
    "has_unpublished_changes": false,
    "owner": [
      "ben"
    ],
    "path": "0001000100010004",
    "url_path": "/home/blog/2015/Mar/post2/",
    "expired": false,
    "slug": "post2",
    "expire_at": null,
    "go_live_at": null
  },
  "model": "wagtailcore.page",
  "pk": 7
},
{
  "fields": {
    "locked": false,
    "title": "post3",
    "numchild": 0,
    "show_in_menus": false,
    "live": true,
    "seo_title": "",
    "latest_revision_created_at": "2015-03-26T10:41:01.049",
    "depth": 4,
    "first_published_at": "2015-03-25T19:32:40.262",
    "search_description": "",
    "content_type": [
      "blog",
      "blogpost"
    ],
    "has_unpublished_changes": false,
    "owner": [
      "ben"
    ],
    "path": "0001000100010005",
    "url_path": "/home/blog/2015/Mar/post3/",
    "expired": false,
    "slug": "post3",
    "expire_at": null,
    "go_live_at": null
  },
  "model": "wagtailcore.page",
  "pk": 8
},
{
  "fields": {
    "locked": false,
    "title": "post4",
    "numchild": 0,
    "show_in_menus": false,
    "live": true,
    "seo_title": "",
    "latest_revision_created_at": "2015-03-26T10:43:47.833",
    "depth": 4,
    "first_published_at": "2015-03-25T19:32:40.262",
    "search_description": "",
    "content_type": [
      "blog",
      "blogpost"
    ],
    "has_unpublished_changes": false,
    "owner": [
      "ben"
    ],
    "path": "0001000100010006",
    "url_path": "/home/blog/2015/Mar/post4/",
    "expired": false,
    "slug": "post4",
    "expire_at": null,
    "go_live_at": null
  },
  "model": "wagtailcore.page",
  "pk": 9
},
{
  "fields": {
    "locked": false,
    "title": "post5",
    "numchild": 0,
    "show_in_menus": false,
    "live": true,
    "seo_title": "",
    "latest_revision_created_at": "2015-03-25T19:37:58.418",
    "depth": 4,
    "first_published_at": "2015-03-25T19:32:40.262",
    "search_description": "",
    "content_type": [
      "blog",
      "blogpost"
    ],
    "has_unpublished_changes": false,
    "owner": [
      "ben"
    ],
    "path": "0001000100010007",
    "url_path": "/home/blog/2015/Mar/post5/",
    "expired": false,
    "slug": "post5",
    "expire_at": null,
    "go_live_at": null
  },
  "model": "wagtailcore.page",
  "pk": 10
},
{
  "fields": {
    "approved_go_live_at": null,
    "created_at": "2015-03-25T19:16:03.893",
    "submitted_for_moderation": false,
    "content_json": "{\"locked\": false, \"latest_revision_created_at\": null, \"title\": \"blog\", \"numchild\": 0, \"show_in_menus\": false, \"live\": true, \"seo_title\": \"\", \"search_description\": \"\", \"depth\": 3, \"first_published_at\": null, \"has_unpublished_changes\": false, \"content_type\": 29, \"path\": \"000100010001\", \"owner\": 1, \"pk\": 3, \"url_path\": \"/home/blog/\", \"expired\": false, \"slug\": \"blog\", \"expire_at\": null, \"go_live_at\": null}",
    "user": [
      "ben"
    ],
    "page": 3
  },
  "model": "wagtailcore.pagerevision",
  "pk": 1
},
{
  "fields": {
    "approved_go_live_at": null,
    "created_at": "2015-03-25T19:20:18.549",
    "submitted_for_moderation": false,
    "content_json": "{\"locked\": false, \"latest_revision_created_at\": null, \"title\": \"cat1\", \"numchild\": 0, \"show_in_menus\": false, \"live\": true, \"seo_title\": \"\", \"search_description\": \"\", \"depth\": 4, \"first_published_at\": null, \"has_unpublished_changes\": false, \"content_type\": 30, \"path\": \"0001000100010001\", \"owner\": 1, \"pk\": 4, \"url_path\": \"/home/blog/cat1/\", \"expired\": false, \"slug\": \"cat1\", \"expire_at\": null, \"go_live_at\": null}",
    "user": [
      "ben"
    ],
    "page": 4
  },
  "model": "wagtailcore.pagerevision",
  "pk": 2
},
{
  "fields": {
    "approved_go_live_at": null,
    "created_at": "2015-03-25T19:27:17.129",
    "submitted_for_moderation": false,
    "content_json": "{\"search_description\": \"\", \"owner\": 1, \"featured_image\": null, \"latest_revision_created_at\": null, \"go_live_at\": null, \"category\": 4, \"title\": \"post0\", \"seo_title\": \"\", \"slug\": \"post0\", \"content\": \"<p>This is some content. Content 0. 1.2.3.4.5.</p><p>MORE CONTENT!</p><p>I'll have several lines.<br/></p>\", \"live\": true, \"has_unpublished_changes\": false, \"tagged_items\": [], \"numchild\": 0, \"content_type\": 28, \"show_in_menus\": false, \"date\": \"2015-03-25\", \"path\": \"0001000100010002\", \"url_path\": \"/home/blog/2015/Mar/post0/\", \"expired\": false, \"pk\": 5, \"locked\": false, \"depth\": 4, \"first_published_at\": null, \"expire_at\": null}",
    "user": [
      "ben"
    ],
    "page": 5
  },
  "model": "wagtailcore.pagerevision",
  "pk": 3
},
{
  "fields": {
    "approved_go_live_at": null,
    "created_at": "2015-03-25T19:27:17.129",
    "submitted_for_moderation": false,
    "content_json": "{\"seo_title\": \"\", \"owner\": 1, \"featured_image\": null, \"latest_revision_created_at\": null, \"go_live_at\": null, \"category\": 4, \"title\": \"post0\", \"search_description\": \"\", \"content\": \"<p>This is some content. Content 0. 1.2.3.4.5.</p><p>MORE CONTENT!</p><p>I'll have several lines.<br/></p>\", \"live\": true, \"has_unpublished_changes\": false, \"pk\": 6, \"tagged_items\": [], \"numchild\": 0, \"content_type\": 28, \"show_in_menus\": false, \"date\": \"2015-03-25\", \"path\": \"0001000100010002\", \"url_path\": \"/home/blog/2015/Mar/post0/\", \"expired\": false, \"slug\": \"post0\", \"locked\": false, \"depth\": 4, \"first_published_at\": null, \"expire_at\": null}",
    "user": [
      "ben"
    ],
    "page": 6
  },
  "model": "wagtailcore.pagerevision",
  "pk": 4
},
{
  "fields": {
    "approved_go_live_at": null,
    "created_at": "2015-03-25T19:28:04.635",
    "submitted_for_moderation": false,
    "content_json": "{\"search_description\": \"\", \"owner\": 1, \"featured_image\": null, \"latest_revision_created_at\": \"2015-03-25T19:27:17.129\", \"go_live_at\": null, \"category\": 4, \"title\": \"post1\", \"seo_title\": \"\", \"slug\": \"post1\", \"content\": \"<p>This is some content. Content 0. 1.2.3.4.5.</p><p>MORE CONTENT!</p><p>I'll have several lines.<br/></p>\", \"live\": true, \"has_unpublished_changes\": false, \"tagged_items\": [], \"numchild\": 0, \"content_type\": 28, \"show_in_menus\": false, \"date\": \"2015-03-25\", \"path\": \"0001000100010003\", \"url_path\": \"/home/blog/2015/Mar/post0/\", \"expired\": false, \"pk\": 6, \"locked\": false, \"depth\": 4, \"first_published_at\": \"2015-03-25T19:27:17.273\", \"expire_at\": null}",
    "user": [
      "ben"
    ],
    "page": 6
  },
  "model": "wagtailcore.pagerevision",
  "pk": 5
},
{
  "fields": {
    "approved_go_live_at": null,
    "created_at": "2015-03-25T19:27:17.129",
    "submitted_for_moderation": false,
    "content_json": "{\"search_description\": \"\", \"owner\": 1, \"featured_image\": null, \"latest_revision_created_at\": null, \"go_live_at\": null, \"category\": 4, \"title\": \"post0\", \"seo_title\": \"\", \"content\": \"<p>This is some content. Content 0. 1.2.3.4.5.</p><p>MORE CONTENT!</p><p>I'll have several lines.<br/></p>\", \"live\": true, \"has_unpublished_changes\": false, \"pk\": 7, \"tagged_items\": [], \"numchild\": 0, \"content_type\": 28, \"show_in_menus\": false, \"date\": \"2015-03-25\", \"path\": \"0001000100010002\", \"url_path\": \"/home/blog/2015/Mar/post0/\", \"expired\": false, \"slug\": \"post0\", \"locked\": false, \"depth\": 4, \"first_published_at\": null, \"expire_at\": null}",
    "user": [
      "ben"
    ],
    "page": 7
  },
  "model": "wagtailcore.pagerevision",
  "pk": 6
},
{
  "fields": {
    "approved_go_live_at": null,
    "created_at": "2015-03-25T19:28:04.635",
    "submitted_for_moderation": false,
    "content_json": "{\"seo_title\": \"\", \"owner\": 1, \"featured_image\": null, \"latest_revision_created_at\": \"2015-03-25T19:27:17.129\", \"go_live_at\": null, \"category\": 4, \"title\": \"post1\", \"search_description\": \"\", \"content\": \"<p>This is some content. Content 0. 1.2.3.4.5.</p><p>MORE CONTENT!</p><p>I'll have several lines.<br/></p>\", \"live\": true, \"has_unpublished_changes\": false, \"pk\": 7, \"tagged_items\": [], \"numchild\": 0, \"content_type\": 28, \"show_in_menus\": false, \"date\": \"2015-03-25\", \"path\": \"0001000100010003\", \"url_path\": \"/home/blog/2015/Mar/post0/\", \"expired\": false, \"slug\": \"post1\", \"locked\": false, \"depth\": 4, \"first_published_at\": \"2015-03-25T19:27:17.273\", \"expire_at\": null}",
    "user": [
      "ben"
    ],
    "page": 7
  },
  "model": "wagtailcore.pagerevision",
  "pk": 7
},
{
  "fields": {
    "approved_go_live_at": null,
    "created_at": "2015-03-25T19:29:34.760",
    "submitted_for_moderation": false,
    "content_json": "{\"search_description\": \"\", \"owner\": 1, \"featured_image\": null, \"latest_revision_created_at\": \"2015-03-25T19:28:04.635\", \"go_live_at\": null, \"category\": 4, \"title\": \"post2\", \"seo_title\": \"\", \"slug\": \"post2\", \"content\": \"<p>This is some content. Content 0. 1.2.3.4.5.</p><p>MORE CONTENT!</p><p>I'll have several lines.<br/></p>\", \"live\": true, \"has_unpublished_changes\": false, \"tagged_items\": [], \"numchild\": 0, \"content_type\": 28, \"show_in_menus\": false, \"date\": \"2015-03-25\", \"path\": \"0001000100010004\", \"url_path\": \"/home/blog/2015/Mar/post1/\", \"expired\": false, \"pk\": 7, \"locked\": false, \"depth\": 4, \"first_published_at\": \"2015-03-25T19:27:17.273\", \"expire_at\": null}",
    "user": [
      "ben"
    ],
    "page": 7
  },
  "model": "wagtailcore.pagerevision",
  "pk": 8
},
{
  "fields": {
    "approved_go_live_at": null,
    "created_at": "2015-03-25T19:32:40.119",
    "submitted_for_moderation": false,
    "content_json": "{\"search_description\": \"\", \"owner\": 1, \"featured_image\": null, \"latest_revision_created_at\": null, \"go_live_at\": null, \"category\": null, \"title\": \"post3\", \"seo_title\": \"\", \"slug\": \"post3\", \"content\": \"<p>more random different content, yay! hurray new content. yeah, this is great? yes, it's great. more random different content, yay! hurray new content. more random different content, yay! hurray new content. yeah, this is great? yes, it's great. more random different content, yay! hurray new content. more random different content, yay! hurray new content. yeah, this is great? yes, it's great. more random different content, yay! hurray new content.</p><p>more random different content, yay! hurray new content. yeah, this is great? yes, it's great. more random different content, yay! hurray new content.</p><p>more random different content, yay! hurray new content. yeah, this is great? yes, it's great. more random different content, yay! hurray new content.more random different content, yay! hurray new content. yeah, this is great? yes, it's great. more random different content, yay! hurray new content.</p>\", \"live\": true, \"has_unpublished_changes\": false, \"tagged_items\": [], \"numchild\": 0, \"content_type\": 28, \"show_in_menus\": false, \"date\": \"2015-03-25\", \"path\": \"0001000100010005\", \"url_path\": \"/home/blog/2015/Mar/post3/\", \"expired\": false, \"pk\": 8, \"locked\": false, \"depth\": 4, \"first_published_at\": null, \"expire_at\": null}",
    "user": [
      "ben"
    ],
    "page": 8
  },
  "model": "wagtailcore.pagerevision",
  "pk": 9
},
{
  "fields": {
    "approved_go_live_at": null,
    "created_at": "2015-03-25T19:33:48.323",
    "submitted_for_moderation": false,
    "content_json": "{\"search_description\": \"\", \"owner\": 1, \"featured_image\": null, \"latest_revision_created_at\": \"2015-03-25T19:32:40.119\", \"go_live_at\": null, \"category\": null, \"title\": \"post3\", \"seo_title\": \"\", \"slug\": \"post3\", \"content\": \"<p>more random different content, yay! hurray new content. yeah, this is great? yes, it's great. more random different content, yay! hurray new content. more random different content, yay! hurray new content. yeah, this is great? yes, it's great. more random different content, yay! hurray new content. more random different content, yay! hurray new content. yeah, this is great? yes, it's great. more random different content, yay! hurray new content.</p><p>more random different content, yay! hurray new content. yeah, this is great? yes, it's great. more random different content, yay! hurray new content.</p><p>more random different content, yay! hurray new content. yeah, this is great? yes, it's great. more random different content, yay! hurray new content.more random different content, yay! hurray new content. yeah, this is great? yes, it's great. more random different content, yay! hurray new content.</p>\", \"live\": true, \"has_unpublished_changes\": false, \"tagged_items\": [{\"pk\": null, \"tag\": 1, \"content_object\": null}], \"numchild\": 0, \"content_type\": 28, \"show_in_menus\": false, \"date\": \"2015-03-25\", \"path\": \"0001000100010005\", \"url_path\": \"/home/blog/2015/Mar/post3/\", \"expired\": false, \"pk\": 8, \"locked\": false, \"depth\": 4, \"first_published_at\": \"2015-03-25T19:32:40.262\", \"expire_at\": null}",
    "user": [
      "ben"
    ],
    "page": 8
  },
  "model": "wagtailcore.pagerevision",
  "pk": 10
},
{
  "fields": {
    "approved_go_live_at": null,
    "created_at": "2015-03-25T19:32:40.119",
    "submitted_for_moderation": false,
    "content_json": "{\"seo_title\": \"\", \"owner\": 1, \"featured_image\": null, \"latest_revision_created_at\": null, \"go_live_at\": null, \"category\": null, \"title\": \"post3\", \"search_description\": \"\", \"content\": \"<p>more random different content, yay! hurray new content. yeah, this is great? yes, it's great. more random different content, yay! hurray new content. more random different content, yay! hurray new content. yeah, this is great? yes, it's great. more random different content, yay! hurray new content. more random different content, yay! hurray new content. yeah, this is great? yes, it's great. more random different content, yay! hurray new content.</p><p>more random different content, yay! hurray new content. yeah, this is great? yes, it's great. more random different content, yay! hurray new content.</p><p>more random different content, yay! hurray new content. yeah, this is great? yes, it's great. more random different content, yay! hurray new content.more random different content, yay! hurray new content. yeah, this is great? yes, it's great. more random different content, yay! hurray new content.</p>\", \"live\": true, \"has_unpublished_changes\": false, \"pk\": 9, \"tagged_items\": [], \"numchild\": 0, \"content_type\": 28, \"show_in_menus\": false, \"date\": \"2015-03-25\", \"path\": \"0001000100010005\", \"url_path\": \"/home/blog/2015/Mar/post3/\", \"expired\": false, \"slug\": \"post3\", \"locked\": false, \"depth\": 4, \"first_published_at\": null, \"expire_at\": null}",
    "user": [
      "ben"
    ],
    "page": 9
  },
  "model": "wagtailcore.pagerevision",
  "pk": 11
},
{
  "fields": {
    "approved_go_live_at": null,
    "created_at": "2015-03-25T19:33:48.323",
    "submitted_for_moderation": false,
    "content_json": "{\"seo_title\": \"\", \"owner\": 1, \"featured_image\": null, \"latest_revision_created_at\": \"2015-03-25T19:32:40.119\", \"go_live_at\": null, \"category\": null, \"title\": \"post3\", \"search_description\": \"\", \"content\": \"<p>more random different content, yay! hurray new content. yeah, this is great? yes, it's great. more random different content, yay! hurray new content. more random different content, yay! hurray new content. yeah, this is great? yes, it's great. more random different content, yay! hurray new content. more random different content, yay! hurray new content. yeah, this is great? yes, it's great. more random different content, yay! hurray new content.</p><p>more random different content, yay! hurray new content. yeah, this is great? yes, it's great. more random different content, yay! hurray new content.</p><p>more random different content, yay! hurray new content. yeah, this is great? yes, it's great. more random different content, yay! hurray new content.more random different content, yay! hurray new content. yeah, this is great? yes, it's great. more random different content, yay! hurray new content.</p>\", \"live\": true, \"has_unpublished_changes\": false, \"pk\": 9, \"tagged_items\": [{\"pk\": null, \"tag\": 1, \"content_object\": 9}], \"numchild\": 0, \"content_type\": 28, \"show_in_menus\": false, \"date\": \"2015-03-25\", \"path\": \"0001000100010005\", \"url_path\": \"/home/blog/2015/Mar/post3/\", \"expired\": false, \"slug\": \"post3\", \"locked\": false, \"depth\": 4, \"first_published_at\": \"2015-03-25T19:32:40.262\", \"expire_at\": null}",
    "user": [
      "ben"
    ],
    "page": 9
  },
  "model": "wagtailcore.pagerevision",
  "pk": 12
},
{
  "fields": {
    "approved_go_live_at": null,
    "created_at": "2015-03-25T19:34:54.673",
    "submitted_for_moderation": false,
    "content_json": "{\"search_description\": \"\", \"owner\": 1, \"featured_image\": null, \"latest_revision_created_at\": \"2015-03-25T19:33:48.323\", \"go_live_at\": null, \"category\": null, \"title\": \"post4\", \"seo_title\": \"\", \"slug\": \"post4\", \"content\": \"<p>more random different content, yay! hurray new content. yeah, this is great? yes, it's great. more random different content, yay! hurray new content. more random different content, yay! hurray new content. yeah, this is great? yes, it's great. more random different content, yay! hurray new content. more random different content, yay! hurray new content. yeah, this is great? yes, it's great. more random different content, yay! hurray new content.</p><p>more random different content, yay! hurray new content. yeah, this is great? yes, it's great. more random different content, yay! hurray new content.</p><p>more random different content, yay! hurray new content. yeah, this is great? yes, it's great. more random different content, yay! hurray new content.more random different content, yay! hurray new content. yeah, this is great? yes, it's great. more random different content, yay! hurray new content.</p>\", \"live\": true, \"has_unpublished_changes\": false, \"tagged_items\": [{\"pk\": null, \"tag\": 1, \"content_object\": null}], \"numchild\": 0, \"content_type\": 28, \"show_in_menus\": false, \"date\": \"2015-03-25\", \"path\": \"0001000100010006\", \"url_path\": \"/home/blog/2015/Mar/post3/\", \"expired\": false, \"pk\": 9, \"locked\": false, \"depth\": 4, \"first_published_at\": \"2015-03-25T19:32:40.262\", \"expire_at\": null}",
    "user": [
      "ben"
    ],
    "page": 9
  },
  "model": "wagtailcore.pagerevision",
  "pk": 13
},
{
  "fields": {
    "approved_go_live_at": null,
    "created_at": "2015-03-25T19:32:40.119",
    "submitted_for_moderation": false,
    "content_json": "{\"search_description\": \"\", \"owner\": 1, \"featured_image\": null, \"latest_revision_created_at\": null, \"go_live_at\": null, \"category\": null, \"title\": \"post3\", \"seo_title\": \"\", \"content\": \"<p>more random different content, yay! hurray new content. yeah, this is great? yes, it's great. more random different content, yay! hurray new content. more random different content, yay! hurray new content. yeah, this is great? yes, it's great. more random different content, yay! hurray new content. more random different content, yay! hurray new content. yeah, this is great? yes, it's great. more random different content, yay! hurray new content.</p><p>more random different content, yay! hurray new content. yeah, this is great? yes, it's great. more random different content, yay! hurray new content.</p><p>more random different content, yay! hurray new content. yeah, this is great? yes, it's great. more random different content, yay! hurray new content.more random different content, yay! hurray new content. yeah, this is great? yes, it's great. more random different content, yay! hurray new content.</p>\", \"live\": true, \"has_unpublished_changes\": false, \"pk\": 10, \"tagged_items\": [], \"numchild\": 0, \"content_type\": 28, \"show_in_menus\": false, \"date\": \"2015-03-25\", \"path\": \"0001000100010005\", \"url_path\": \"/home/blog/2015/Mar/post3/\", \"expired\": false, \"slug\": \"post3\", \"locked\": false, \"depth\": 4, \"first_published_at\": null, \"expire_at\": null}",
    "user": [
      "ben"
    ],
    "page": 10
  },
  "model": "wagtailcore.pagerevision",
  "pk": 14
},
{
  "fields": {
    "approved_go_live_at": null,
    "created_at": "2015-03-25T19:33:48.323",
    "submitted_for_moderation": false,
    "content_json": "{\"search_description\": \"\", \"owner\": 1, \"featured_image\": null, \"latest_revision_created_at\": \"2015-03-25T19:32:40.119\", \"go_live_at\": null, \"category\": null, \"title\": \"post3\", \"seo_title\": \"\", \"content\": \"<p>more random different content, yay! hurray new content. yeah, this is great? yes, it's great. more random different content, yay! hurray new content. more random different content, yay! hurray new content. yeah, this is great? yes, it's great. more random different content, yay! hurray new content. more random different content, yay! hurray new content. yeah, this is great? yes, it's great. more random different content, yay! hurray new content.</p><p>more random different content, yay! hurray new content. yeah, this is great? yes, it's great. more random different content, yay! hurray new content.</p><p>more random different content, yay! hurray new content. yeah, this is great? yes, it's great. more random different content, yay! hurray new content.more random different content, yay! hurray new content. yeah, this is great? yes, it's great. more random different content, yay! hurray new content.</p>\", \"live\": true, \"has_unpublished_changes\": false, \"pk\": 10, \"tagged_items\": [{\"pk\": null, \"tag\": 1, \"content_object\": 10}], \"numchild\": 0, \"content_type\": 28, \"show_in_menus\": false, \"date\": \"2015-03-25\", \"path\": \"0001000100010005\", \"url_path\": \"/home/blog/2015/Mar/post3/\", \"expired\": false, \"slug\": \"post3\", \"locked\": false, \"depth\": 4, \"first_published_at\": \"2015-03-25T19:32:40.262\", \"expire_at\": null}",
    "user": [
      "ben"
    ],
    "page": 10
  },
  "model": "wagtailcore.pagerevision",
  "pk": 15
},
{
  "fields": {
    "approved_go_live_at": null,
    "created_at": "2015-03-25T19:34:54.673",
    "submitted_for_moderation": false,
    "content_json": "{\"seo_title\": \"\", \"owner\": 1, \"featured_image\": null, \"latest_revision_created_at\": \"2015-03-25T19:33:48.323\", \"go_live_at\": null, \"category\": null, \"title\": \"post4\", \"search_description\": \"\", \"content\": \"<p>more random different content, yay! hurray new content. yeah, this is great? yes, it's great. more random different content, yay! hurray new content. more random different content, yay! hurray new content. yeah, this is great? yes, it's great. more random different content, yay! hurray new content. more random different content, yay! hurray new content. yeah, this is great? yes, it's great. more random different content, yay! hurray new content.</p><p>more random different content, yay! hurray new content. yeah, this is great? yes, it's great. more random different content, yay! hurray new content.</p><p>more random different content, yay! hurray new content. yeah, this is great? yes, it's great. more random different content, yay! hurray new content.more random different content, yay! hurray new content. yeah, this is great? yes, it's great. more random different content, yay! hurray new content.</p>\", \"live\": true, \"has_unpublished_changes\": false, \"pk\": 10, \"tagged_items\": [{\"pk\": null, \"tag\": 1, \"content_object\": 10}], \"numchild\": 0, \"content_type\": 28, \"show_in_menus\": false, \"date\": \"2015-03-25\", \"path\": \"0001000100010006\", \"url_path\": \"/home/blog/2015/Mar/post3/\", \"expired\": false, \"slug\": \"post4\", \"locked\": false, \"depth\": 4, \"first_published_at\": \"2015-03-25T19:32:40.262\", \"expire_at\": null}",
    "user": [
      "ben"
    ],
    "page": 10
  },
  "model": "wagtailcore.pagerevision",
  "pk": 16
},
{
  "fields": {
    "approved_go_live_at": null,
    "created_at": "2015-03-25T19:35:48.469",
    "submitted_for_moderation": false,
    "content_json": "{\"search_description\": \"\", \"owner\": 1, \"featured_image\": null, \"latest_revision_created_at\": \"2015-03-25T19:34:54.673\", \"go_live_at\": null, \"category\": null, \"title\": \"post5\", \"seo_title\": \"\", \"slug\": \"post5\", \"content\": \"<p>more random different content, yay! hurray new content. yeah, this is great? yes, it's great. more random different content, yay! hurray new content. more random different content, yay! hurray new content. yeah, this is great? yes, it's great. more random different content, yay! hurray new content. more random different content, yay! hurray new content. yeah, this is great? yes, it's great. more random different content, yay! hurray new content.</p><p>more random different content, yay! hurray new content. yeah, this is great? yes, it's great. more random different content, yay! hurray new content.</p><p>more random different content, yay! hurray new content. yeah, this is great? yes, it's great. more random different content, yay! hurray new content.more random different content, yay! hurray new content. yeah, this is great? yes, it's great. more random different content, yay! hurray new content.</p>\", \"live\": true, \"has_unpublished_changes\": false, \"tagged_items\": [{\"pk\": null, \"tag\": 1, \"content_object\": null}], \"numchild\": 0, \"content_type\": 28, \"show_in_menus\": false, \"date\": \"2015-03-25\", \"path\": \"0001000100010007\", \"url_path\": \"/home/blog/2015/Mar/post4/\", \"expired\": false, \"pk\": 10, \"locked\": false, \"depth\": 4, \"first_published_at\": \"2015-03-25T19:32:40.262\", \"expire_at\": null}",
    "user": [
      "ben"
    ],
    "page": 10
  },
  "model": "wagtailcore.pagerevision",
  "pk": 17
},
{
  "fields": {
    "approved_go_live_at": null,
    "created_at": "2015-03-25T19:37:00.749",
    "submitted_for_moderation": false,
    "content_json": "{\"search_description\": \"\", \"owner\": 1, \"featured_image\": null, \"latest_revision_created_at\": \"2015-03-25T19:28:04.635\", \"go_live_at\": null, \"category\": 4, \"title\": \"post1\", \"seo_title\": \"\", \"slug\": \"post1\", \"content\": \"<p>This is some content. Content 0. 1.2.3.4.5.</p><p>MORE CONTENT!</p><p>I'll have several lines.<br/></p>\", \"live\": true, \"has_unpublished_changes\": false, \"tagged_items\": [{\"pk\": null, \"tag\": 1, \"content_object\": null}], \"numchild\": 0, \"content_type\": 28, \"show_in_menus\": false, \"date\": \"2015-03-25\", \"path\": \"0001000100010003\", \"url_path\": \"/home/blog/2015/Mar/post1/\", \"expired\": false, \"pk\": 6, \"locked\": false, \"depth\": 4, \"first_published_at\": \"2015-03-25T19:27:17.273\", \"expire_at\": null}",
    "user": [
      "ben"
    ],
    "page": 6
  },
  "model": "wagtailcore.pagerevision",
  "pk": 18
},
{
  "fields": {
    "approved_go_live_at": null,
    "created_at": "2015-03-25T19:37:58.418",
    "submitted_for_moderation": false,
    "content_json": "{\"search_description\": \"\", \"owner\": 1, \"featured_image\": null, \"latest_revision_created_at\": \"2015-03-25T19:35:48.469\", \"go_live_at\": null, \"category\": 4, \"title\": \"post5\", \"seo_title\": \"\", \"slug\": \"post5\", \"content\": \"<p>more random different content, yay! hurray new content. yeah, this is great? yes, it's great. more random different content, yay! hurray new content. more random different content, yay! hurray new content. yeah, this is great? yes, it's great. more random different content, yay! hurray new content. more random different content, yay! hurray new content. yeah, this is great? yes, it's great. more random different content, yay! hurray new content.</p><p>more random different content, yay! hurray new content. yeah, this is great? yes, it's great. more random different content, yay! hurray new content.</p><p>more random different content, yay! hurray new content. yeah, this is great? yes, it's great. more random different content, yay! hurray new content.more random different content, yay! hurray new content. yeah, this is great? yes, it's great. more random different content, yay! hurray new content.</p>\", \"live\": true, \"has_unpublished_changes\": false, \"tagged_items\": [{\"pk\": null, \"tag\": 1, \"content_object\": null}], \"numchild\": 0, \"content_type\": 28, \"show_in_menus\": false, \"date\": \"2015-03-25\", \"path\": \"0001000100010007\", \"url_path\": \"/home/blog/2015/Mar/post5/\", \"expired\": false, \"pk\": 10, \"locked\": false, \"depth\": 4, \"first_published_at\": \"2015-03-25T19:32:40.262\", \"expire_at\": null}",
    "user": [
      "ben"
    ],
    "page": 10
  },
  "model": "wagtailcore.pagerevision",
  "pk": 19
},
{
  "fields": {
    "approved_go_live_at": null,
    "created_at": "2015-03-26T09:24:12.073",
    "submitted_for_moderation": false,
    "content_json": "{\"search_description\": \"\", \"owner\": 1, \"featured_image\": null, \"latest_revision_created_at\": \"2015-03-25T19:33:48.323\", \"go_live_at\": null, \"category\": null, \"title\": \"post3\", \"seo_title\": \"\", \"slug\": \"post3\", \"content\": \"<p>more random different content, yay! hurray new content. yeah, this is great? yes, it's great. more random different content, yay! hurray new content. more random different content, yay! hurray new content. yeah, this is great? yes, it's great. more random different content, yay! hurray new content. more random different content, yay! hurray new content. yeah, this is great? yes, it's great. more random different content, yay! hurray new content.</p><p>more random different content, yay! hurray new content. yeah, this is great? yes, it's great. more random different content, yay! hurray new content.</p><p>more random different content, yay! hurray new content. yeah, this is great? yes, it's great. more random different content, yay! hurray new content.more random different content, yay! hurray new content. yeah, this is great? yes, it's great. more random different content, yay! hurray new content.</p>\", \"live\": true, \"has_unpublished_changes\": false, \"tagged_items\": [{\"pk\": null, \"tag\": 1, \"content_object\": null}], \"numchild\": 0, \"content_type\": 28, \"show_in_menus\": false, \"date\": \"2015-03-25\", \"path\": \"0001000100010005\", \"url_path\": \"/home/blog/2015/Mar/post3/\", \"expired\": false, \"pk\": 8, \"locked\": false, \"view_groups\": [{\"pk\": null, \"completely_hidden\": true, \"page\": 8, \"permitted_group\": 2}, {\"pk\": null, \"completely_hidden\": false, \"page\": 8, \"permitted_group\": 3}], \"depth\": 4, \"first_published_at\": \"2015-03-25T19:32:40.262\", \"expire_at\": null}",
    "user": [
      "ben"
    ],
    "page": 8
  },
  "model": "wagtailcore.pagerevision",
  "pk": 20
},
{
  "fields": {
    "approved_go_live_at": null,
    "created_at": "2015-03-26T10:41:01.049",
    "submitted_for_moderation": false,
    "content_json": "{\"search_description\": \"\", \"owner\": 1, \"featured_image\": null, \"latest_revision_created_at\": \"2015-03-26T09:24:12.073\", \"go_live_at\": null, \"category\": null, \"title\": \"post3\", \"seo_title\": \"\", \"slug\": \"post3\", \"content\": \"<p>more random different content, yay! hurray new content. yeah, this is great? yes, it's great. more random different content, yay! hurray new content. more random different content, yay! hurray new content. yeah, this is great? yes, it's great. more random different content, yay! hurray new content. more random different content, yay! hurray new content. yeah, this is great? yes, it's great. more random different content, yay! hurray new content.</p><p>more random different content, yay! hurray new content. yeah, this is great? yes, it's great. more random different content, yay! hurray new content.</p><p>more random different content, yay! hurray new content. yeah, this is great? yes, it's great. more random different content, yay! hurray new content.more random different content, yay! hurray new content. yeah, this is great? yes, it's great. more random different content, yay! hurray new content.</p>\", \"live\": true, \"has_unpublished_changes\": false, \"tagged_items\": [{\"pk\": null, \"tag\": 1, \"content_object\": null}], \"numchild\": 0, \"content_type\": 28, \"show_in_menus\": false, \"date\": \"2015-03-25\", \"path\": \"0001000100010005\", \"url_path\": \"/home/blog/2015/Mar/post3/\", \"expired\": false, \"pk\": 8, \"locked\": false, \"view_groups\": [{\"pk\": null, \"completely_hidden\": true, \"page\": 8, \"permitted_group\": 3}], \"depth\": 4, \"first_published_at\": \"2015-03-25T19:32:40.262\", \"expire_at\": null}",
    "user": [
      "ben"
    ],
    "page": 8
  },
  "model": "wagtailcore.pagerevision",
  "pk": 21
},
{
  "fields": {
    "approved_go_live_at": null,
    "created_at": "2015-03-26T10:43:47.833",
    "submitted_for_moderation": false,
    "content_json": "{\"search_description\": \"\", \"owner\": 1, \"featured_image\": null, \"latest_revision_created_at\": \"2015-03-25T19:34:54.673\", \"go_live_at\": null, \"category\": null, \"title\": \"post4\", \"seo_title\": \"\", \"slug\": \"post4\", \"content\": \"<p>more random different content, yay! hurray new content. yeah, this is great? yes, it's great. more random different content, yay! hurray new content. more random different content, yay! hurray new content. yeah, this is great? yes, it's great. more random different content, yay! hurray new content. more random different content, yay! hurray new content. yeah, this is great? yes, it's great. more random different content, yay! hurray new content.</p><p>more random different content, yay! hurray new content. yeah, this is great? yes, it's great. more random different content, yay! hurray new content.</p><p>more random different content, yay! hurray new content. yeah, this is great? yes, it's great. more random different content, yay! hurray new content.more random different content, yay! hurray new content. yeah, this is great? yes, it's great. more random different content, yay! hurray new content.</p>\", \"live\": true, \"has_unpublished_changes\": false, \"tagged_items\": [{\"pk\": null, \"tag\": 1, \"content_object\": null}], \"numchild\": 0, \"content_type\": 28, \"show_in_menus\": false, \"date\": \"2015-03-25\", \"path\": \"0001000100010006\", \"url_path\": \"/home/blog/2015/Mar/post4/\", \"expired\": false, \"pk\": 9, \"locked\": false, \"view_groups\": [{\"pk\": null, \"completely_hidden\": false, \"page\": 9, \"permitted_group\": 3}], \"depth\": 4, \"first_published_at\": \"2015-03-25T19:32:40.262\", \"expire_at\": null}",
    "user": [
      "ben"
    ],
    "page": 9
  },
  "model": "wagtailcore.pagerevision",
  "pk": 22
},
{
  "fields": {
    "group": [
      "Moderators"
    ],
    "page": 1,
    "permission_type": "add"
  },
  "model": "wagtailcore.grouppagepermission",
  "pk": 1
},
{
  "fields": {
    "group": [
      "Moderators"
    ],
    "page": 1,
    "permission_type": "edit"
  },
  "model": "wagtailcore.grouppagepermission",
  "pk": 2
},
{
  "fields": {
    "group": [
      "Moderators"
    ],
    "page": 1,
    "permission_type": "publish"
  },
  "model": "wagtailcore.grouppagepermission",
  "pk": 3
},
{
  "fields": {
    "group": [
      "Editors"
    ],
    "page": 1,
    "permission_type": "add"
  },
  "model": "wagtailcore.grouppagepermission",
  "pk": 4
},
{
  "fields": {
    "group": [
      "Editors"
    ],
    "page": 1,
    "permission_type": "edit"
  },
  "model": "wagtailcore.grouppagepermission",
  "pk": 5
},
{
  "fields": {
    "group": [
      "Moderators"
    ],
    "page": 1,
    "permission_type": "lock"
  },
  "model": "wagtailcore.grouppagepermission",
  "pk": 6
},
{
  "fields": {
    "spec": "max-130x130"
  },
  "model": "wagtailimages.filter",
  "pk": 1
},
{
  "fields": {
    "spec": "max-150x150"
  },
  "model": "wagtailimages.filter",
  "pk": 2
},
{
  "fields": {
    "menu": 1,
    "exact_match": true,
    "html_li_class": "",
    "html_li_id": "",
    "text": "home",
    "sort_order": 0,
    "page": 3
  },
  "model": "menutia.menuitem",
  "pk": 1
},
{
  "fields": {
    "menu": 1,
    "exact_match": true,
    "html_li_class": "",
    "html_li_id": "",
    "text": "post 0 ",
    "sort_order": 1,
    "page": 5
  },
  "model": "menutia.menuitem",
  "pk": 2
},
{
  "fields": {
    "menu": 1,
    "exact_match": true,
    "html_li_class": "",
    "html_li_id": "",
    "text": "cat1",
    "sort_order": 2,
    "page": 4
  },
  "model": "menutia.menuitem",
  "pk": 3
},
{
  "fields": {
    "html_li_selected_class": "selected",
    "html_ul_id": "",
    "html_ul_class": "",
    "title": "main"
  },
  "model": "menutia.menu",
  "pk": 1
},
{
  "fields": {
    "content_object": 6,
    "tag": 1
  },
  "model": "blog.blogposttag",
  "pk": 4
},
{
  "fields": {
    "content_object": 10,
    "tag": 1
  },
  "model": "blog.blogposttag",
  "pk": 5
},
{
  "fields": {
    "content_object": 8,
    "tag": 1
  },
  "model": "blog.blogposttag",
  "pk": 7
},
{
  "fields": {
    "content_object": 9,
    "tag": 1
  },
  "model": "blog.blogposttag",
  "pk": 8
},
{
  "fields": {
    "date": "2015-03-25",
    "content": "<p>This is some content. Content 0. 1.2.3.4.5.</p><p>MORE CONTENT!</p><p>I'll have several lines.<br/></p>",
    "category": 4,
    "featured_image": null
  },
  "model": "blog.blogpost",
  "pk": 5
},
{
  "fields": {
    "date": "2015-03-25",
    "content": "<p>This is some content. Content 0. 1.2.3.4.5.</p><p>MORE CONTENT!</p><p>I'll have several lines.<br/></p>",
    "category": 4,
    "featured_image": null
  },
  "model": "blog.blogpost",
  "pk": 6
},
{
  "fields": {
    "date": "2015-03-25",
    "content": "<p>This is some content. Content 0. 1.2.3.4.5.</p><p>MORE CONTENT!</p><p>I'll have several lines.<br/></p>",
    "category": 4,
    "featured_image": null
  },
  "model": "blog.blogpost",
  "pk": 7
},
{
  "fields": {
    "date": "2015-03-25",
    "content": "<p>more random different content, yay! hurray new content. yeah, this is great? yes, it's great. more random different content, yay! hurray new content. more random different content, yay! hurray new content. yeah, this is great? yes, it's great. more random different content, yay! hurray new content. more random different content, yay! hurray new content. yeah, this is great? yes, it's great. more random different content, yay! hurray new content.</p><p>more random different content, yay! hurray new content. yeah, this is great? yes, it's great. more random different content, yay! hurray new content.</p><p>more random different content, yay! hurray new content. yeah, this is great? yes, it's great. more random different content, yay! hurray new content.more random different content, yay! hurray new content. yeah, this is great? yes, it's great. more random different content, yay! hurray new content.</p>",
    "category": null,
    "featured_image": null
  },
  "model": "blog.blogpost",
  "pk": 8
},
{
  "fields": {
    "date": "2015-03-25",
    "content": "<p>more random different content, yay! hurray new content. yeah, this is great? yes, it's great. more random different content, yay! hurray new content. more random different content, yay! hurray new content. yeah, this is great? yes, it's great. more random different content, yay! hurray new content. more random different content, yay! hurray new content. yeah, this is great? yes, it's great. more random different content, yay! hurray new content.</p><p>more random different content, yay! hurray new content. yeah, this is great? yes, it's great. more random different content, yay! hurray new content.</p><p>more random different content, yay! hurray new content. yeah, this is great? yes, it's great. more random different content, yay! hurray new content.more random different content, yay! hurray new content. yeah, this is great? yes, it's great. more random different content, yay! hurray new content.</p>",
    "category": null,
    "featured_image": null
  },
  "model": "blog.blogpost",
  "pk": 9
},
{
  "fields": {
    "date": "2015-03-25",
    "content": "<p>more random different content, yay! hurray new content. yeah, this is great? yes, it's great. more random different content, yay! hurray new content. more random different content, yay! hurray new content. yeah, this is great? yes, it's great. more random different content, yay! hurray new content. more random different content, yay! hurray new content. yeah, this is great? yes, it's great. more random different content, yay! hurray new content.</p><p>more random different content, yay! hurray new content. yeah, this is great? yes, it's great. more random different content, yay! hurray new content.</p><p>more random different content, yay! hurray new content. yeah, this is great? yes, it's great. more random different content, yay! hurray new content.more random different content, yay! hurray new content. yeah, this is great? yes, it's great. more random different content, yay! hurray new content.</p>",
    "category": 4,
    "featured_image": null
  },
  "model": "blog.blogpost",
  "pk": 10
},
{
  "fields": {},
  "model": "blog.blogtype",
  "pk": 3
},
{
  "fields": {},
  "model": "blog.blogcategory",
  "pk": 4
},
{
  "fields": {
    "completely_hidden": true,
    "page": 8,
    "permitted_group": [
      "PrivelegedViewers"
    ]
  },
  "model": "blog.pagegroupviewrestriction",
  "pk": 3
},
{
  "fields": {
    "completely_hidden": false,
    "page": 9,
    "permitted_group": [
      "PrivelegedViewers"
    ]
  },
  "model": "blog.pagegroupviewrestriction",
  "pk": 4
}
]
